Task,Task Display,Task Description,Paradigm,Paradigm (CN),Model,Model Role,Metric,N,Mean,SD (ddof=0),SD (ddof=1),Median,Min,Max,Mean ± SD
clean_to_hit,Clean → Hit,"Clean (2,402) -> Hit (581)",Transductive,传导式,BIMODriver,本文模型,AUROC,10,0.9287892,0.003159691434301792,0.0033306072119059804,0.9283835,0.923708,0.93437,0.9288 ± 0.0032
clean_to_hit,Clean → Hit,"Clean (2,402) -> Hit (581)",Transductive,传导式,MNGCL,对比基准,AUROC,10,0.9244582000000001,0.003322659320484106,0.0035023904471723787,0.9250935,0.916667,0.928677,0.9245 ± 0.0033
clean_to_hit,Clean → Hit,"Clean (2,402) -> Hit (581)",Transductive,传导式,DISFusion,对比基准,AUROC,10,0.9247216000000001,0.0019497287093336903,0.0020551945136382853,0.924382,0.92191,0.927216,0.9247 ± 0.0019
clean_to_hit,Clean → Hit,"Clean (2,402) -> Hit (581)",Transductive,传导式,BIMODriver,本文模型,AUPRC,10,0.901404,0.0050602758422837076,0.005333999083447833,0.9003749999999999,0.893187,0.912194,0.9014 ± 0.0051
clean_to_hit,Clean → Hit,"Clean (2,402) -> Hit (581)",Transductive,传导式,MNGCL,对比基准,AUPRC,10,0.8952559000000001,0.0048247361679163376,0.00508571846666941,0.8979155000000001,0.885422,0.899039,0.8953 ± 0.0048
clean_to_hit,Clean → Hit,"Clean (2,402) -> Hit (581)",Transductive,传导式,DISFusion,对比基准,AUPRC,10,0.8950761,0.004637014286154395,0.00488784222899589,0.8957265,0.886097,0.903815,0.8951 ± 0.0046
clean_to_hit,Clean → Hit,"Clean (2,402) -> Hit (581)",Strict Inductive,严格归纳式,BIMODriver,本文模型,AUROC,10,0.9300374,0.002643619723031304,0.0027866198640408035,0.9294755,0.925905,0.935243,0.9300 ± 0.0026
clean_to_hit,Clean → Hit,"Clean (2,402) -> Hit (581)",Strict Inductive,严格归纳式,MNGCL,对比基准,AUROC,10,0.9243147,0.003051905603061785,0.003216990969834996,0.924844,0.91834,0.928677,0.9243 ± 0.0031
clean_to_hit,Clean → Hit,"Clean (2,402) -> Hit (581)",Strict Inductive,严格归纳式,DISFusion,对比基准,AUROC,10,0.9254969000000001,0.002260130635604946,0.00238238687267856,0.925618,0.921773,0.92819,0.9255 ± 0.0023
clean_to_hit,Clean → Hit,"Clean (2,402) -> Hit (581)",Strict Inductive,严格归纳式,BIMODriver,本文模型,AUPRC,10,0.9028694999999999,0.004655416699931377,0.004907240076322597,0.9013255,0.898106,0.913724,0.9029 ± 0.0047
clean_to_hit,Clean → Hit,"Clean (2,402) -> Hit (581)",Strict Inductive,严格归纳式,MNGCL,对比基准,AUPRC,10,0.8952791000000001,0.0048700436846090015,0.005133476782627715,0.8959165,0.885718,0.901011,0.8953 ± 0.0049
clean_to_hit,Clean → Hit,"Clean (2,402) -> Hit (581)",Strict Inductive,严格归纳式,DISFusion,对比基准,AUPRC,10,0.8947585,0.004840880173067709,0.005102735742281352,0.8966050000000001,0.884162,0.901661,0.8948 ± 0.0048
hit_to_clean,Hit → Clean,"Hit (581) -> Clean (2,402)",Transductive,传导式,BIMODriver,本文模型,AUROC,10,0.8986332000000001,0.0029380620755865556,0.0030969893552717687,0.8973720000000001,0.895406,0.903526,0.8986 ± 0.0029
hit_to_clean,Hit → Clean,"Hit (581) -> Clean (2,402)",Transductive,传导式,MNGCL,对比基准,AUROC,10,0.8835336999999999,0.005016382083733265,0.005287730999419536,0.8828545,0.876249,0.89214,0.8835 ± 0.0050
hit_to_clean,Hit → Clean,"Hit (581) -> Clean (2,402)",Transductive,传导式,DISFusion,对比基准,AUROC,10,0.8871008999999999,0.006666735339729622,0.007027356077027345,0.889239,0.874343,0.897539,0.8871 ± 0.0067
hit_to_clean,Hit → Clean,"Hit (581) -> Clean (2,402)",Transductive,传导式,BIMODriver,本文模型,AUPRC,10,0.7764196999999999,0.005290292450328272,0.0055764578771435105,0.777987,0.765048,0.784097,0.7764 ± 0.0053
hit_to_clean,Hit → Clean,"Hit (581) -> Clean (2,402)",Transductive,传导式,MNGCL,对比基准,AUPRC,10,0.7603841,0.008933994218153503,0.009417256777380095,0.760814,0.745679,0.774374,0.7604 ± 0.0089
hit_to_clean,Hit → Clean,"Hit (581) -> Clean (2,402)",Transductive,传导式,DISFusion,对比基准,AUPRC,10,0.7655879000000001,0.01218646206616178,0.012845658916104263,0.767841,0.740542,0.783722,0.7656 ± 0.0122
hit_to_clean,Hit → Clean,"Hit (581) -> Clean (2,402)",Strict Inductive,严格归纳式,BIMODriver,本文模型,AUROC,10,0.8997771000000002,0.00281339056833565,0.002965574047858749,0.9005620000000001,0.894002,0.90399,0.8998 ± 0.0028
hit_to_clean,Hit → Clean,"Hit (581) -> Clean (2,402)",Strict Inductive,严格归纳式,MNGCL,对比基准,AUROC,10,0.8830639,0.0051208177950401584,0.005397815905016064,0.8818565,0.875845,0.893439,0.8831 ± 0.0051
hit_to_clean,Hit → Clean,"Hit (581) -> Clean (2,402)",Strict Inductive,严格归纳式,DISFusion,对比基准,AUROC,10,0.8904375,0.007177663871344214,0.007565922037516497,0.893409,0.873124,0.897187,0.8904 ± 0.0072
hit_to_clean,Hit → Clean,"Hit (581) -> Clean (2,402)",Strict Inductive,严格归纳式,BIMODriver,本文模型,AUPRC,10,0.7778065,0.0041141297317901955,0.004336673513958221,0.7789379999999999,0.771132,0.784146,0.7778 ± 0.0041
hit_to_clean,Hit → Clean,"Hit (581) -> Clean (2,402)",Strict Inductive,严格归纳式,MNGCL,对比基准,AUPRC,10,0.7605947,0.007600593819564369,0.008011729346540753,0.7599895000000001,0.748771,0.776614,0.7606 ± 0.0076
hit_to_clean,Hit → Clean,"Hit (581) -> Clean (2,402)",Strict Inductive,严格归纳式,DISFusion,对比基准,AUPRC,10,0.7711308000000001,0.013731133790040798,0.014473885877676396,0.7764245000000001,0.738436,0.784621,0.7711 ± 0.0137
