范围,基线,指标,测试类型,p值,BH_q_合并(本范围),BH_q_分指标(本范围),论文参考值,BH显著_q<0.05
CPDB,ECD_CDGI,AUC,Wilcoxon 配对 50 折值（10 runs × 5 folds）,8.881784197001252e-16,2.6645352591003757e-15,2.2838873649431793e-15,1e-15,TRUE
CPDB,Dishyper,AUC,Wilcoxon 配对 50 折值（10 runs × 5 folds）,5.96195981472647e-10,7.154351777671764e-10,7.665376904648318e-10,5.4e-10,TRUE
CPDB,DISFusion,AUC,Wilcoxon 配对 50 折值（10 runs × 5 folds）,8.163294119237956e-08,9.183705884142701e-08,9.183705884142701e-08,1.17e-09,TRUE
CPDB,MNGCL,AUC,Wilcoxon 配对 50 折值（10 runs × 5 folds）,0.00014900182036381437,0.00014900182036381437,0.00014900182036381437,0.000265,TRUE
CPDB,MTGCN,AUC,Wilcoxon 配对 50 折值（10 runs × 5 folds）,8.881784197001252e-16,2.6645352591003757e-15,2.2838873649431793e-15,1e-15,TRUE
CPDB,EMOGI,AUC,Wilcoxon 配对 50 折值（10 runs × 5 folds）,8.881784197001252e-16,2.6645352591003757e-15,2.2838873649431793e-15,1e-15,TRUE
CPDB,GCN,AUC,Wilcoxon 配对 50 折值（10 runs × 5 folds）,8.881784197001252e-16,2.6645352591003757e-15,2.2838873649431793e-15,1e-15,TRUE
CPDB,Cheb,AUC,Wilcoxon 配对 50 折值（10 runs × 5 folds）,8.881784197001252e-16,2.6645352591003757e-15,2.2838873649431793e-15,1e-15,TRUE
CPDB,GAT,AUC,Wilcoxon 配对 50 折值（10 runs × 5 folds）,8.881784197001252e-16,2.6645352591003757e-15,2.2838873649431793e-15,1e-15,TRUE
CPDB,ECD_CDGI,AUPRC,Wilcoxon 配对 50 折值（10 runs × 5 folds）,1.7763568394002505e-15,2.6645352591003757e-15,2.6645352591003757e-15,1e-15,TRUE
CPDB,Dishyper,AUPRC,Wilcoxon 配对 50 折值（10 runs × 5 folds）,8.881784197001252e-16,2.6645352591003757e-15,2.6645352591003757e-15,1e-15,TRUE
CPDB,DISFusion,AUPRC,Wilcoxon 配对 50 折值（10 runs × 5 folds）,1.687538997430238e-14,2.2500519965736505e-14,2.0250467969162856e-14,1.32e-12,TRUE
CPDB,MNGCL,AUPRC,Wilcoxon 配对 50 折值（10 runs × 5 folds）,1.335179740991066e-06,1.4137197257552463e-06,1.335179740991066e-06,2.39e-06,TRUE
CPDB,MTGCN,AUPRC,Wilcoxon 配对 50 折值（10 runs × 5 folds）,1.687538997430238e-14,2.2500519965736505e-14,2.0250467969162856e-14,1e-15,TRUE
CPDB,EMOGI,AUPRC,Wilcoxon 配对 50 折值（10 runs × 5 folds）,8.881784197001252e-16,2.6645352591003757e-15,2.6645352591003757e-15,1e-15,TRUE
CPDB,GCN,AUPRC,Wilcoxon 配对 50 折值（10 runs × 5 folds）,8.881784197001252e-16,2.6645352591003757e-15,2.6645352591003757e-15,1e-15,TRUE
CPDB,Cheb,AUPRC,Wilcoxon 配对 50 折值（10 runs × 5 folds）,8.881784197001252e-16,2.6645352591003757e-15,2.6645352591003757e-15,1e-15,TRUE
CPDB,GAT,AUPRC,Wilcoxon 配对 50 折值（10 runs × 5 folds）,8.881784197001252e-16,2.6645352591003757e-15,2.6645352591003757e-15,1e-15,TRUE
STRING,ECD_CDGI,AUC,Wilcoxon 配对 50 折值（10 runs × 5 folds）,8.881784197001252e-16,2.90676573720041e-15,2.6645352591003757e-15,1e-15,TRUE
STRING,Dishyper,AUC,Wilcoxon 配对 50 折值（10 runs × 5 folds）,8.881784197001252e-16,2.90676573720041e-15,2.6645352591003757e-15,5.4e-10,TRUE
STRING,DISFusion,AUC,Wilcoxon 配对 50 折值（10 runs × 5 folds）,0.03103562612633759,0.03103562612633759,0.03103562612633759,1.17e-09,TRUE
STRING,MNGCL,AUC,Wilcoxon 配对 50 折值（10 runs × 5 folds）,5.643650169417924e-08,6.349106440595165e-08,6.349106440595165e-08,0.000265,TRUE
STRING,MTGCN,AUC,Wilcoxon 配对 50 折值（10 runs × 5 folds）,2.6645352591003757e-15,4.170576927287545e-15,3.6893565126005205e-15,1e-15,TRUE
STRING,EMOGI,AUC,Wilcoxon 配对 50 折值（10 runs × 5 folds）,2.6645352591003757e-15,4.170576927287545e-15,3.6893565126005205e-15,1e-15,TRUE
STRING,GCN,AUC,Wilcoxon 配对 50 折值（10 runs × 5 folds）,8.881784197001252e-16,2.90676573720041e-15,2.6645352591003757e-15,1e-15,TRUE
STRING,Cheb,AUC,Wilcoxon 配对 50 折值（10 runs × 5 folds）,8.881784197001252e-16,2.90676573720041e-15,2.6645352591003757e-15,1e-15,TRUE
STRING,GAT,AUC,Wilcoxon 配对 50 折值（10 runs × 5 folds）,8.881784197001252e-16,2.90676573720041e-15,2.6645352591003757e-15,1e-15,TRUE
STRING,ECD_CDGI,AUPRC,Wilcoxon 配对 50 折值（10 runs × 5 folds）,8.881784197001252e-16,2.90676573720041e-15,2.6645352591003757e-15,1e-15,TRUE
STRING,Dishyper,AUPRC,Wilcoxon 配对 50 折值（10 runs × 5 folds）,8.881784197001252e-16,2.90676573720041e-15,2.6645352591003757e-15,1e-15,TRUE
STRING,DISFusion,AUPRC,Wilcoxon 配对 50 折值（10 runs × 5 folds）,7.135779101424159e-05,7.55553081327264e-05,7.135779101424159e-05,1.32e-12,TRUE
STRING,MNGCL,AUPRC,Wilcoxon 配对 50 折值（10 runs × 5 folds）,1.4286962723986107e-08,1.714435526878333e-08,1.607283306448437e-08,2.39e-06,TRUE
STRING,MTGCN,AUPRC,Wilcoxon 配对 50 折值（10 runs × 5 folds）,8.881784197001252e-15,1.2297855042001734e-14,1.3322676295501878e-14,1e-15,TRUE
STRING,EMOGI,AUPRC,Wilcoxon 配对 50 折值（10 runs × 5 folds）,1.1672032229625984e-09,1.5006898580947693e-09,1.5006898580947693e-09,1e-15,TRUE
STRING,GCN,AUPRC,Wilcoxon 配对 50 折值（10 runs × 5 folds）,8.881784197001252e-16,2.90676573720041e-15,2.6645352591003757e-15,1e-15,TRUE
STRING,Cheb,AUPRC,Wilcoxon 配对 50 折值（10 runs × 5 folds）,8.881784197001252e-16,2.90676573720041e-15,2.6645352591003757e-15,1e-15,TRUE
STRING,GAT,AUPRC,Wilcoxon 配对 50 折值（10 runs × 5 folds）,8.881784197001252e-16,2.90676573720041e-15,2.6645352591003757e-15,1e-15,TRUE
单癌症-15均值,GAT,AUC,Wilcoxon 配对 15 个癌症均值（论文 appendix A9 口径）,3.0517578125e-05,0.0001373291015625,0.0001373291015625,3.05e-05,TRUE
单癌症-15均值,GAT,AUPRC,Wilcoxon 配对 15 个癌症均值（论文 appendix A9 口径）,3.0517578125e-05,0.0001373291015625,0.00010986328125,3.05e-05,TRUE
单癌症-15均值,SAGE,AUC,Wilcoxon 配对 15 个癌症均值（论文 appendix A9 口径）,0.00042724609375,0.00054931640625,0.00054931640625,0.000427,TRUE
单癌症-15均值,SAGE,AUPRC,Wilcoxon 配对 15 个癌症均值（论文 appendix A9 口径）,3.0517578125e-05,0.0001373291015625,0.00010986328125,3.05e-05,TRUE
单癌症-15均值,ChebNet,AUC,Wilcoxon 配对 15 个癌症均值（论文 appendix A9 口径）,0.001312255859375,0.00157470703125,0.001476287841796875,0.00131,TRUE
单癌症-15均值,ChebNet,AUPRC,Wilcoxon 配对 15 个癌症均值（论文 appendix A9 口径）,0.000213623046875,0.00034956498579545456,0.00029578575721153844,0.000214,TRUE
单癌症-15均值,MTGCN,AUC,Wilcoxon 配对 15 个癌症均值（论文 appendix A9 口径）,0.000213623046875,0.00034956498579545456,0.000384521484375,0.000214,TRUE
单癌症-15均值,MTGCN,AUPRC,Wilcoxon 配对 15 个癌症均值（论文 appendix A9 口径）,0.004180908203125,0.004426843979779412,0.004180908203125,0.00418,TRUE
单癌症-15均值,MNGCL,AUC,Wilcoxon 配对 15 个癌症均值（论文 appendix A9 口径）,0.0318603515625,0.0318603515625,0.0318603515625,0.0319,TRUE
单癌症-15均值,MNGCL,AUPRC,Wilcoxon 配对 15 个癌症均值（论文 appendix A9 口径）,0.002685547,0.003021240234375,0.003021240234375,0.00269,TRUE
单癌症-15均值,Emogi,AUC,Wilcoxon 配对 15 个癌症均值（论文 appendix A9 口径）,3.0517578125e-05,0.0001373291015625,0.0001373291015625,3.05e-05,TRUE
单癌症-15均值,Emogi,AUPRC,Wilcoxon 配对 15 个癌症均值（论文 appendix A9 口径）,3.0517578125e-05,0.0001373291015625,0.00010986328125,3.05e-05,TRUE
单癌症-15均值,ECD-CDGI,AUC,Wilcoxon 配对 15 个癌症均值（论文 appendix A9 口径）,3.0517578125e-05,0.0001373291015625,0.0001373291015625,3.05e-05,TRUE
单癌症-15均值,ECD-CDGI,AUPRC,Wilcoxon 配对 15 个癌症均值（论文 appendix A9 口径）,3.0517578125e-05,0.0001373291015625,0.00010986328125,3.05e-05,TRUE
单癌症-15均值,DISHyper,AUC,Wilcoxon 配对 15 个癌症均值（论文 appendix A9 口径）,9.1552734375e-05,0.00018310546875,0.00020599365234375,9.16e-05,TRUE
单癌症-15均值,DISHyper,AUPRC,Wilcoxon 配对 15 个癌症均值（论文 appendix A9 口径）,6.103515625e-05,0.0001373291015625,0.00010986328125,6.1e-05,TRUE
单癌症-15均值,DISFusion,AUC,Wilcoxon 配对 15 个癌症均值（论文 appendix A9 口径）,0.00030517578125,0.00042255108173076925,0.000457763671875,0.000305,TRUE
单癌症-15均值,DISFusion,AUPRC,Wilcoxon 配对 15 个癌症均值（论文 appendix A9 口径）,0.000213623046875,0.00034956498579545456,0.00029578575721153844,0.000214,TRUE
