Run,Fold,Dataset,Metric,BIMODriver-Original,BIMODriver-Masking,BIMODriver-Masking (Mask Test-Incident Edges),BIMODriver-Masking (Exclude Test Nodes from Loss),BIMODriver-Masking (Mask All Graph Edges),DISFusion,MNGCL
1,1,CPDB,AUPRC,0.85451473,0.85794921,0.85039527,0.84687653,0.8510471,0.84559,0.81463485
1,1,CPDB,AUC,0.93087505,0.93150685,0.93183711,0.92906579,0.92886477,0.928592,0.88686484
1,1,STRING,AUPRC,0.83533106,0.83414368,0.83323843,0.8332592,0.83120844,0.812532,0.82155472
1,1,STRING,AUC,0.92662631,0.92330313,0.92253828,0.92249871,0.91881948,0.91783,0.9223941
1,2,CPDB,AUPRC,0.86229713,0.86390563,0.86837161,0.8591139,0.86102057,0.854397,0.86920769
1,2,CPDB,AUC,0.92909451,0.9292381,0.93235404,0.92735705,0.93248327,0.928664,0.93960874
1,2,STRING,AUPRC,0.83142736,0.8346679,0.83310754,0.83625145,0.83152612,0.821237,0.81698021
1,2,STRING,AUC,0.92586146,0.92658675,0.92616476,0.92483285,0.92501747,0.927787,0.92206667
1,3,CPDB,AUPRC,0.86754929,0.86321848,0.85894768,0.86090341,0.86099298,0.851754,0.84275703
1,3,CPDB,AUC,0.92858982,0.92439931,0.92580092,0.92418478,0.9229262,0.925072,0.93507891
1,3,STRING,AUPRC,0.87196338,0.8696686,0.87403632,0.87347399,0.87300349,0.844231,0.81281728
1,3,STRING,AUC,0.94334771,0.94213448,0.94694782,0.94632802,0.94615659,0.923791,0.9151606
1,4,CPDB,AUPRC,0.8629774,0.8715777,0.85694002,0.8546989,0.85852753,0.843431,0.82929953
1,4,CPDB,AUC,0.94217291,0.94641855,0.94030194,0.94080566,0.94441806,0.931235,0.91056057
1,4,STRING,AUPRC,0.84983473,0.84744582,0.85154295,0.84811553,0.84494816,0.85627,0.80460322
1,4,STRING,AUC,0.92760259,0.92599671,0.92930137,0.92802729,0.92732388,0.941697,0.91571044
1,5,CPDB,AUPRC,0.83341708,0.83941647,0.84528688,0.83506998,0.82857306,0.818816,0.86415289
1,5,CPDB,AUC,0.91616654,0.92118936,0.9225566,0.92012435,0.91749061,0.907243,0.93121029
1,5,STRING,AUPRC,0.82676524,0.82829,0.80631092,0.81445157,0.81858766,0.799276,0.82593252
1,5,STRING,AUC,0.92662048,0.92626214,0.91827255,0.91999788,0.92160376,0.908478,0.9225811
2,1,CPDB,AUPRC,0.82360944,0.83210761,0.81826762,0.81462613,0.81378727,0.811549,0.81146955
2,1,CPDB,AUC,0.91874156,0.9238965,0.91640102,0.91585537,0.91454869,0.918311,0.88584858
2,1,STRING,AUPRC,0.82813329,0.82560083,0.83408328,0.83271077,0.82118355,0.861749,0.83205962
2,1,STRING,AUC,0.92185254,0.91971621,0.92145692,0.92336907,0.91330722,0.943163,0.92338301
2,2,CPDB,AUPRC,0.88862809,0.88426854,0.88065366,0.88731012,0.87380081,0.864555,0.86690593
2,2,CPDB,AUC,0.9395049,0.93835616,0.93793975,0.94029465,0.93681974,0.929037,0.93577236
2,2,STRING,AUPRC,0.83955924,0.84198066,0.83089817,0.83211988,0.84180118,0.794392,0.82683861
2,2,STRING,AUC,0.92677137,0.92595377,0.92782635,0.92497791,0.92909232,0.899276,0.92564847
2,3,CPDB,AUPRC,0.87744561,0.87815683,0.87569013,0.87456096,0.87097613,0.854627,0.84233846
2,3,CPDB,AUC,0.94357838,0.94316362,0.94183352,0.94134725,0.94048913,0.934039,0.93431031
2,3,STRING,AUPRC,0.86805096,0.87201523,0.87285544,0.87455612,0.87851694,0.825837,0.80772965
2,3,STRING,AUC,0.94283341,0.94436312,0.94537854,0.94585328,0.94878084,0.919795,0.91399007
2,4,CPDB,AUPRC,0.85458682,0.84802108,0.83352529,0.83585554,0.83031883,0.837381,0.82729229
2,4,CPDB,AUC,0.92465783,0.92382309,0.91727473,0.91727473,0.91694371,0.918052,0.91335315
2,4,STRING,AUPRC,0.8562001,0.84767399,0.84758382,0.85077671,0.85442452,0.818084,0.8034747
2,4,STRING,AUC,0.93142486,0.92816,0.92773531,0.92936773,0.92843871,0.920197,0.91693819
2,5,CPDB,AUPRC,0.86290814,0.86124856,0.86044276,0.86270531,0.85356542,0.841629,0.85039867
2,5,CPDB,AUC,0.93260222,0.93330743,0.9329908,0.93369601,0.93093275,0.916411,0.92362677
2,5,STRING,AUPRC,0.81853269,0.82835646,0.81643545,0.80928555,0.81498209,0.870755,0.81980556
2,5,STRING,AUC,0.92313001,0.92672665,0.922055,0.91767532,0.92018368,0.94751,0.91814232
3,1,CPDB,AUPRC,0.85450575,0.85800211,0.84191994,0.83331499,0.82883849,0.843386,0.8019149
3,1,CPDB,AUC,0.9307171,0.93149249,0.92793142,0.92372419,0.91945952,0.924255,0.8769563
3,1,STRING,AUPRC,0.82846764,0.82903691,0.83692984,0.83357536,0.82832198,0.831525,0.82915609
3,1,STRING,AUC,0.92092944,0.92384381,0.92576914,0.92532078,0.9156018,0.922143,0.92368911
3,2,CPDB,AUPRC,0.87590036,0.87647474,0.86601784,0.87514023,0.87608103,0.869397,0.86506983
3,2,CPDB,AUC,0.94216134,0.93963413,0.93870078,0.93973464,0.94086902,0.927702,0.93856707
3,2,STRING,AUPRC,0.83613457,0.83867437,0.8312395,0.83236391,0.82564469,0.829849,0.82471864
3,2,STRING,AUC,0.92616476,0.92774723,0.92708787,0.92823515,0.92393612,0.936504,0.92445454
3,3,CPDB,AUPRC,0.83850124,0.84794457,0.84956602,0.8426695,0.8426645,0.824175,0.84568499
3,3,CPDB,AUC,0.92720252,0.92994851,0.92863272,0.9277746,0.93003432,0.916991,0.93730785
3,3,STRING,AUPRC,0.86193637,0.87106658,0.87462002,0.87103853,0.86754093,0.83508,0.80192102
3,3,STRING,AUC,0.93812557,0.94230592,0.94769949,0.94657858,0.94533898,0.92445,0.91052533
3,4,CPDB,AUPRC,0.83546894,0.82504268,0.83335244,0.83861406,0.82940801,0.826804,0.82465973
3,4,CPDB,AUC,0.91721716,0.91482809,0.91734669,0.91869954,0.91523106,0.92224,0.91109859
3,4,STRING,AUPRC,0.85564659,0.84718267,0.85061507,0.84861543,0.85142108,0.806674,0.81229376
3,4,STRING,AUC,0.9284918,0.92843871,0.92796093,0.92709826,0.92833254,0.917967,0.91852009
3,5,CPDB,AUPRC,0.89233134,0.89677474,0.89920177,0.89719668,0.88076561,0.8852,0.84900021
3,5,CPDB,AUC,0.9392945,0.94102154,0.94407265,0.94339623,0.93848855,0.93738,0.92083419
3,5,STRING,AUPRC,0.82048079,0.81748517,0.81911052,0.81046672,0.81428328,0.815372,0.82404222
3,5,STRING,AUC,0.92513404,0.92297075,0.92283803,0.91882996,0.91959972,0.919494,0.92059782
4,1,CPDB,AUPRC,0.84854575,0.84927765,0.84660607,0.8332062,0.84098162,0.841961,0.81285456
4,1,CPDB,AUC,0.92454266,0.92584934,0.92508831,0.91796617,0.92279084,0.91989,0.88579776
4,1,STRING,AUPRC,0.83247296,0.82664876,0.82796698,0.83138404,0.82024013,0.850873,0.82643151
4,1,STRING,AUC,0.92438449,0.92394931,0.92257784,0.92338226,0.91355778,0.936504,0.9195451
4,2,CPDB,AUPRC,0.90689116,0.90499745,0.90695819,0.90074592,0.89611544,0.886561,0.8624229
4,2,CPDB,AUC,0.9552856,0.95469688,0.95382097,0.95163838,0.94804859,0.946785,0.93541667
4,2,STRING,AUPRC,0.84202288,0.83332638,0.83125944,0.83217701,0.8332611,0.84497,0.81816865
4,2,STRING,AUC,0.92764173,0.92633619,0.92642851,0.92657356,0.92779998,0.937835,0.92185598
4,3,CPDB,AUPRC,0.86977204,0.85966929,0.86676014,0.86756881,0.86928207,0.851219,0.83974432
4,3,CPDB,AUC,0.94262014,0.93765732,0.9423913,0.94322082,0.94147597,0.936885,0.93548883
4,3,STRING,AUPRC,0.86541797,0.87277209,0.86678156,0.87510228,0.87331408,0.810728,0.80355006
4,3,STRING,AUC,0.93910142,0.94442906,0.94445543,0.9454181,0.9467632,0.920428,0.91132128
4,4,CPDB,AUPRC,0.84118302,0.84169785,0.84538273,0.84066246,0.84158413,0.828152,0.8270131
4,4,CPDB,AUC,0.91724595,0.91531742,0.91593627,0.91557647,0.91618094,0.918815,0.91153413
4,4,STRING,AUPRC,0.84603905,0.84871476,0.84683474,0.85131433,0.8547935,0.825225,0.78730467
4,4,STRING,AUC,0.92668684,0.92789457,0.92762913,0.93053565,0.92939428,0.917091,0.91124805
4,5,CPDB,AUPRC,0.83942535,0.83933389,0.83034188,0.8328739,0.82564215,0.814797,0.86161068
4,5,CPDB,AUC,0.9230891,0.92199531,0.91717399,0.91998043,0.91472734,0.901515,0.92967309
4,5,STRING,AUPRC,0.81968055,0.82848215,0.8170723,0.81079852,0.81183102,0.827401,0.81699728
4,5,STRING,AUC,0.92259914,0.92326273,0.92217444,0.91938738,0.92038276,0.917901,0.91887425
5,1,CPDB,AUPRC,0.85699618,0.85824259,0.84354852,0.84463089,0.84340427,0.831762,0.80721677
5,1,CPDB,AUC,0.92010568,0.9201344,0.91298354,0.91499383,0.91477844,0.914089,0.88249492
5,1,STRING,AUPRC,0.83191016,0.83216822,0.83776596,0.83283807,0.81945497,0.82165,0.84719852
5,1,STRING,AUC,0.92153605,0.92418668,0.92657356,0.92307895,0.91275336,0.919795,0.93190648
5,2,CPDB,AUPRC,0.89726734,0.88857527,0.88704076,0.88791649,0.88004809,0.872183,0.86264949
5,2,CPDB,AUC,0.95561586,0.95435226,0.95479739,0.95462508,0.95053272,0.949642,0.93216463
5,2,STRING,AUPRC,0.83690349,0.83080903,0.83465412,0.8325825,0.82694381,0.849317,0.81039709
5,2,STRING,AUC,0.92815603,0.92681093,0.92558452,0.92652082,0.92409437,0.934394,0.92117708
5,3,CPDB,AUPRC,0.886116,0.8869208,0.88270428,0.8877998,0.87672668,0.853374,0.84189057
5,3,CPDB,AUC,0.94405034,0.94480835,0.94449371,0.9465103,0.94114703,0.927646,0.93564255
5,3,STRING,AUPRC,0.86734683,0.87274078,0.86813229,0.87356573,0.86411762,0.820772,0.81457848
5,3,STRING,AUC,0.94322902,0.94686869,0.94434994,0.94698738,0.94408619,0.924121,0.91466898
5,4,CPDB,AUPRC,0.82057997,0.81745321,0.81203182,0.814328,0.80734463,0.802326,0.81857494
5,4,CPDB,AUC,0.91582114,0.913907,0.90986284,0.9102946,0.9074162,0.896737,0.90748617
5,4,STRING,AUPRC,0.84410578,0.84130412,0.84583921,0.85171157,0.8530012,0.811598,0.79344383
5,4,STRING,AUC,0.92708499,0.92287785,0.92809365,0.92841217,0.93089399,0.919746,0.91379799
5,5,CPDB,AUPRC,0.85603954,0.86180074,0.85157972,0.84265518,0.84870844,0.846439,0.85099538
5,5,CPDB,AUC,0.92952233,0.93042903,0.93090396,0.92593872,0.92966625,0.92011,0.92393421
5,5,STRING,AUPRC,0.82552768,0.81983201,0.80714876,0.8157131,0.81374468,0.841893,0.82138741
5,5,STRING,AUC,0.92435101,0.92099326,0.91660031,0.92201518,0.91957318,0.934371,0.92140058
6,1,CPDB,AUPRC,0.81455482,0.80875997,0.80942829,0.80495034,0.81811271,0.795617,0.80650452
6,1,CPDB,AUC,0.8971454,0.89286637,0.89438844,0.89344074,0.89813618,0.886591,0.88376524
6,1,STRING,AUPRC,0.83324593,0.82340424,0.82499326,0.83690536,0.82090563,0.807026,0.83411882
6,1,STRING,AUC,0.92418668,0.92078438,0.91814693,0.92507022,0.91176432,0.920758,0.92456029
6,2,CPDB,AUPRC,0.8517058,0.8565727,0.855232,0.85884212,0.84046552,0.848709,0.86191705
6,2,CPDB,AUC,0.93420637,0.93694897,0.93815514,0.93814078,0.931033,0.935154,0.9351372
6,2,STRING,AUPRC,0.83866998,0.83773679,0.83470375,0.82289522,0.82966196,0.835011,0.81282232
6,2,STRING,AUC,0.92654719,0.92691643,0.92543946,0.92234047,0.92554496,0.925083,0.92232419
6,3,CPDB,AUPRC,0.83535548,0.82424765,0.83025023,0.82756451,0.83495857,0.832553,0.84326771
6,3,CPDB,AUC,0.91783467,0.91415904,0.91637586,0.9146024,0.92193936,0.922411,0.93341361
6,3,STRING,AUPRC,0.86729995,0.86475681,0.8769109,0.87665746,0.86912656,0.83304,0.79642497
6,3,STRING,AUC,0.94092126,0.94100038,0.94826654,0.9476863,0.9460379,0.926046,0.9084418
6,4,CPDB,AUPRC,0.89845602,0.90466177,0.90319701,0.90266669,0.90341419,0.886959,0.82481034
6,4,CPDB,AUC,0.95421902,0.95774506,0.95788898,0.95898277,0.95603241,0.949038,0.91009941
6,4,STRING,AUPRC,0.85800462,0.85383018,0.84972382,0.85018151,0.84995266,0.838668,0.79977525
6,4,STRING,AUC,0.92831927,0.93143813,0.92972607,0.92765568,0.92831927,0.93899,0.91814232
6,5,CPDB,AUPRC,0.8781814,0.8812794,0.86624258,0.86791677,0.86678023,0.865262,0.85340206
6,5,CPDB,AUC,0.94266223,0.94388555,0.93656002,0.93690543,0.93576846,0.935006,0.92757225
6,5,STRING,AUPRC,0.81926895,0.81879043,0.81479434,0.8130566,0.81702304,0.824004,0.8206868
6,5,STRING,AUC,0.92216117,0.92237352,0.92311674,0.92076764,0.92115252,0.910933,0.92125891
7,1,CPDB,AUPRC,0.81682973,0.81618555,0.82546267,0.82189464,0.8339263,0.808896,0.80547093
7,1,CPDB,AUC,0.91319893,0.91449126,0.91546768,0.91597025,0.91885644,0.905574,0.88485772
7,1,STRING,AUPRC,0.83317123,0.82891138,0.83186986,0.8378658,0.82432151,0.826198,0.83163658
7,1,STRING,AUC,0.92532078,0.9243713,0.92365919,0.92525484,0.91826562,0.919848,0.9260672
7,2,CPDB,AUPRC,0.84597556,0.85545103,0.83952272,0.84450951,0.83906889,0.844638,0.85799116
7,2,CPDB,AUC,0.92073749,0.92796014,0.92187186,0.92363803,0.92010568,0.924399,0.93246951
7,2,STRING,AUPRC,0.84351399,0.83354523,0.83494692,0.82692573,0.83256367,0.800092,0.82315286
7,2,STRING,AUC,0.92856483,0.92360644,0.9271538,0.9255054,0.92671862,0.905065,0.92623373
7,3,CPDB,AUPRC,0.88743324,0.88564233,0.8759393,0.87961732,0.88333619,0.861581,0.84313832
7,3,CPDB,AUC,0.94435069,0.94392162,0.93798627,0.93987414,0.94187643,0.931894,0.93602685
7,3,STRING,AUPRC,0.86500719,0.86470993,0.87424219,0.87513851,0.86739404,0.817203,0.80563492
7,3,STRING,AUC,0.94006409,0.94140919,0.94798961,0.94788411,0.94626208,0.925875,0.91190655
7,4,CPDB,AUPRC,0.87322083,0.8744196,0.86122963,0.86856495,0.85901416,0.852587,0.83806408
7,4,CPDB,AUC,0.93530792,0.93548062,0.9301124,0.93195458,0.92590993,0.929422,0.91509531
7,4,STRING,AUPRC,0.85009695,0.84881677,0.84789815,0.85348569,0.85276405,0.838821,0.80254676
7,4,STRING,AUC,0.92894304,0.926939,0.92866433,0.92964644,0.92874396,0.93169,0.91762289
7,5,CPDB,AUPRC,0.85225021,0.85701283,0.8499895,0.84650206,0.84301183,0.849845,0.85519645
7,5,CPDB,AUC,0.92801117,0.93109106,0.93099031,0.92775211,0.92411093,0.925277,0.92823837
7,5,STRING,AUPRC,0.82144856,0.82680292,0.82332818,0.81652326,0.81234011,0.866501,0.82582951
7,5,STRING,AUC,0.9244041,0.9266603,0.92493497,0.9216303,0.92086054,0.947205,0.92310053
8,1,CPDB,AUPRC,0.87734411,0.86646057,0.8691901,0.8768746,0.87827028,0.84885,0.803481
8,1,CPDB,AUC,0.94310904,0.94016542,0.94102697,0.94408547,0.9464978,0.92885,0.87898882
8,1,STRING,AUPRC,0.83085914,0.8245407,0.82745969,0.83654761,0.82060373,0.821916,0.83703602
8,1,STRING,AUC,0.92456911,0.92054701,0.9190041,0.92493835,0.91506112,0.930292,0.92750347
8,2,CPDB,AUPRC,0.85097192,0.85376183,0.83859463,0.83890215,0.84094636,0.840051,0.87534672
8,2,CPDB,AUC,0.90838862,0.91200712,0.9056891,0.90722552,0.91059993,0.905904,0.93836382
8,2,STRING,AUPRC,0.85027575,0.83922415,0.82818776,0.83533313,0.82679919,0.801878,0.82291167
8,2,STRING,AUC,0.93103084,0.92566365,0.92590102,0.92629663,0.92267015,0.903826,0.92361176
8,3,CPDB,AUPRC,0.86988723,0.87658242,0.86626557,0.87212991,0.85558971,0.856907,0.84086712
8,3,CPDB,AUC,0.93586957,0.94081808,0.93815789,0.93953089,0.93465389,0.937228,0.93618057
8,3,STRING,AUPRC,0.87237857,0.86881079,0.87751503,0.87522986,0.87167075,0.863688,0.80695401
8,3,STRING,AUC,0.94183118,0.94270153,0.94733025,0.947172,0.9460379,0.939339,0.9088866
8,4,CPDB,AUPRC,0.85503981,0.85629811,0.85350635,0.85410188,0.84472927,0.854808,0.8234699
8,4,CPDB,AUC,0.92419729,0.92533425,0.92536304,0.92298836,0.9166127,0.923032,0.90789609
8,4,STRING,AUPRC,0.84420232,0.84845661,0.85293471,0.84724543,0.845576,0.835631,0.79714068
8,4,STRING,AUC,0.92595689,0.92746987,0.92883686,0.92927483,0.92569146,0.929912,0.91700902
8,5,CPDB,AUPRC,0.86884152,0.86270067,0.85129493,0.85336434,0.85911139,0.846855,0.85453589
8,5,CPDB,AUC,0.94378481,0.94103594,0.9358836,0.93618583,0.93949599,0.937222,0.92347305
8,5,STRING,AUPRC,0.81722216,0.81991991,0.81388815,0.81271789,0.81357617,0.823854,0.82073013
8,5,STRING,AUC,0.9234618,0.92168339,0.92090036,0.91884323,0.91940065,0.925731,0.9196534
9,1,CPDB,AUPRC,0.82041088,0.82031897,0.81718547,0.81990992,0.81785009,0.804869,0.80514657
9,1,CPDB,AUC,0.92650986,0.92974067,0.93034376,0.93088941,0.93258379,0.916329,0.88041159
9,1,STRING,AUPRC,0.8227091,0.82795836,0.8319409,0.82975704,0.82482317,0.817249,0.83898976
9,1,STRING,AUC,0.91750076,0.91801506,0.923646,0.91912279,0.91289842,0.923514,0.92423065
9,2,CPDB,AUPRC,0.86349422,0.86328686,0.8613571,0.85229549,0.8591326,0.829399,0.86696241
9,2,CPDB,AUC,0.92949657,0.92791706,0.92748629,0.9279027,0.92773039,0.907585,0.93818598
9,2,STRING,AUPRC,0.83589059,0.82895545,0.83033624,0.83172929,0.82959438,0.829365,0.81417348
9,2,STRING,AUC,0.9253999,0.92557134,0.92445042,0.92732524,0.9266395,0.93955,0.92354153
9,3,CPDB,AUPRC,0.88349033,0.88682984,0.87360003,0.87411738,0.87514384,0.885059,0.84160703
9,3,CPDB,AUC,0.93834382,0.93870137,0.93522597,0.93529748,0.93491133,0.944351,0.93413097
9,3,STRING,AUPRC,0.86119226,0.87189671,0.87271677,0.86797579,0.86973732,0.792719,0.81155413
9,3,STRING,AUC,0.93870581,0.94510161,0.94609065,0.94454774,0.94628846,0.904696,0.91092331
9,4,CPDB,AUPRC,0.82824169,0.82731689,0.81851017,0.82015424,0.81086133,0.807518,0.82517066
9,4,CPDB,AUC,0.90748816,0.90722911,0.90479686,0.90527179,0.90181771,0.906682,0.90799857
9,4,STRING,AUPRC,0.85500957,0.84838093,0.85072935,0.85077286,0.84704148,0.862634,0.80203
9,4,STRING,AUC,0.93000478,0.92647449,0.93008441,0.92740351,0.9273637,0.94256,0.91280635
9,5,CPDB,AUPRC,0.87728447,0.88386137,0.88316304,0.88124496,0.88152839,0.871639,0.85637534
9,5,CPDB,AUC,0.93799922,0.94084884,0.9393089,0.93900666,0.93788409,0.934588,0.93026235
9,5,STRING,AUPRC,0.81898873,0.82058418,0.80544927,0.80841953,0.80916719,0.835423,0.81568646
9,5,STRING,AUC,0.923276,0.92474916,0.9174497,0.92048893,0.92113925,0.917954,0.91679652
10,1,CPDB,AUPRC,0.82850944,0.82591192,0.8213287,0.82051379,0.81246825,0.820426,0.80420265
10,1,CPDB,AUC,0.91677436,0.91684616,0.91792309,0.91907182,0.90968094,0.912639,0.88127541
10,1,STRING,AUPRC,0.82164414,0.82907607,0.83396911,0.83105484,0.81845736,0.808579,0.84129473
10,1,STRING,AUC,0.9148765,0.92187891,0.9208635,0.91992721,0.91001042,0.923593,0.92905747
10,2,CPDB,AUPRC,0.85489049,0.86400433,0.86169827,0.86099466,0.86094068,0.856796,0.88036771
10,2,CPDB,AUC,0.92938169,0.92890784,0.92725654,0.92841963,0.92757244,0.929051,0.94288618
10,2,STRING,AUPRC,0.8404407,0.83802243,0.83404484,0.82933901,0.82548927,0.844128,0.8143374
10,2,STRING,AUC,0.92691643,0.92728567,0.92695599,0.92567683,0.92507022,0.927615,0.92450136
10,3,CPDB,AUPRC,0.86497114,0.86791996,0.85908679,0.8578368,0.8504486,0.827002,0.84648552
10,3,CPDB,AUC,0.92856121,0.92826087,0.92461384,0.92467105,0.92185355,0.916347,0.93395163
10,3,STRING,AUPRC,0.85357562,0.87055602,0.87139085,0.86667027,0.8704231,0.857633,0.8039884
10,3,STRING,AUC,0.93779589,0.94189711,0.94529942,0.94396751,0.94657858,0.934354,0.91782938
10,4,CPDB,AUPRC,0.88343097,0.88625102,0.87770109,0.87079824,0.87421244,0.851622,0.82834985
10,4,CPDB,AUC,0.95236245,0.95499619,0.95214657,0.94936891,0.94857735,0.939669,0.91209777
10,4,STRING,AUPRC,0.85213996,0.85346472,0.8499538,0.84689924,0.84452148,0.802224,0.80240573
10,4,STRING,AUC,0.92898285,0.93019058,0.92950045,0.92873069,0.92679301,0.918113,0.91334939
10,5,CPDB,AUPRC,0.84354914,0.83878081,0.83684946,0.85083807,0.85844649,0.831335,0.85646726
10,5,CPDB,AUC,0.92546378,0.92501763,0.91986529,0.92569405,0.93159478,0.910453,0.93003177
10,5,STRING,AUPRC,0.82489316,0.82236282,0.81567352,0.81444726,0.80918026,0.816768,0.83074508
10,5,STRING,AUC,0.92512077,0.9213516,0.92156394,0.92125869,0.91701173,0.91806,0.92336025
